-- phpMyAdmin SQL Dump
-- version 3.3.7
-- http://www.phpmyadmin.net
--
-- Хост: localhost
-- Время создания: Окт 06 2011 г., 17:58
-- Версия сервера: 5.1.48
-- Версия PHP: 5.3.3

SET SQL_MODE="NO_AUTO_VALUE_ON_ZERO";


/*!40101 SET @OLD_CHARACTER_SET_CLIENT=@@CHARACTER_SET_CLIENT */;
/*!40101 SET @OLD_CHARACTER_SET_RESULTS=@@CHARACTER_SET_RESULTS */;
/*!40101 SET @OLD_COLLATION_CONNECTION=@@COLLATION_CONNECTION */;
/*!40101 SET NAMES utf8 */;

--
-- База данных: `journal`
--
/*CREATE DATABASE `journal` DEFAULT CHARACTER SET latin1 COLLATE latin1_swedish_ci;*/
USE `journal`;

-- --------------------------------------------------------

--
-- Структура таблицы `group`
--

CREATE TABLE IF NOT EXISTS `group` (
  `id` int(2) NOT NULL AUTO_INCREMENT,
  `name` varchar(11) DEFAULT NULL,
  PRIMARY KEY (`id`)
) ENGINE=MyISAM  DEFAULT CHARSET=utf8 AUTO_INCREMENT=14 ;

--
-- Дамп данных таблицы `group`
--

INSERT INTO `group` (`id`, `name`) VALUES
(1, 'ПК-11-1'),
(2, 'ПК-10-1'),
(3, 'ПК-10-2'),
(4, 'ПК-09-1'),
(5, 'ПК-08-1'),
(6, 'ПК-08-2'),
(7, 'ПК-11м-1'),
(8, 'ПК-11м-2'),
(9, 'ПК-11с-1'),
(10, 'ПК-11с-2'),
(11, 'МС-11-1'),
(12, 'ПС-10-1'),
(13, 'ПЗ-09-1');

-- --------------------------------------------------------

--
-- Структура таблицы `lesson_num`
--

CREATE TABLE IF NOT EXISTS `lesson_num` (
  `id` int(1) NOT NULL AUTO_INCREMENT,
  `name` int(1) DEFAULT NULL,
  PRIMARY KEY (`id`)
) ENGINE=MyISAM  DEFAULT CHARSET=utf8 AUTO_INCREMENT=8 ;

--
-- Дамп данных таблицы `lesson_num`
--

INSERT INTO `lesson_num` (`id`, `name`) VALUES
(1, 1),
(2, 2),
(3, 3),
(4, 4),
(5, 5),
(6, 6),
(7, 7);

-- --------------------------------------------------------

--
-- Структура таблицы `mark`
--

CREATE TABLE IF NOT EXISTS `mark` (
  `id` int(2) NOT NULL AUTO_INCREMENT,
  `schedule_id` int(2) DEFAULT NULL,
  `student_id` int(3) DEFAULT NULL,
  `mark_value_id` int(1) DEFAULT NULL,
  `mark_type_id` int(1) DEFAULT NULL,
  PRIMARY KEY (`id`)
) ENGINE=MyISAM  DEFAULT CHARSET=utf8 AUTO_INCREMENT=49 ;

--
-- Дамп данных таблицы `mark`
--

INSERT INTO `mark` (`id`, `schedule_id`, `student_id`, `mark_value_id`, `mark_type_id`) VALUES
(9, 1, 3, 2, 1),
(11, 1, 1, 2, 1),
(12, 1, 4, 2, 1),
(14, 6, 16, 2, 1),
(15, 49, 138, 2, 1),
(16, 49, 139, 2, 1),
(17, 55, 138, 2, 1),
(18, 55, 141, 2, 1),
(19, 55, 143, 2, 1),
(20, 55, 145, 2, 1),
(21, 55, 147, 2, 1),
(22, 55, 151, 2, 1),
(23, 66, 153, 2, 1),
(24, 66, 161, 2, 1),
(25, 66, 162, 2, 1),
(26, 66, 164, 2, 1),
(27, 66, 165, 2, 1),
(28, 66, 167, 2, 1),
(29, 51, 138, 2, 1),
(30, 51, 139, 2, 1),
(31, 55, 139, 2, 1),
(32, 55, 150, 2, 1),
(33, 67, 153, 2, 1),
(34, 67, 155, 2, 1),
(35, 67, 156, 2, 1),
(36, 67, 157, 2, 1),
(37, 67, 158, 2, 1),
(38, 67, 160, 2, 1),
(39, 67, 162, 2, 1),
(40, 67, 164, 2, 1),
(41, 67, 165, 2, 1),
(42, 67, 167, 2, 1),
(43, 18, 60, 2, 1),
(44, 19, 59, 2, 1),
(45, 19, 78, 2, 1),
(46, 19, 64, 2, 1),
(47, 10, 3, 2, 1),
(48, 1, 7, 312, 4);

-- --------------------------------------------------------

--
-- Структура таблицы `mark_type`
--

CREATE TABLE IF NOT EXISTS `mark_type` (
  `id` int(1) NOT NULL AUTO_INCREMENT,
  `name` varchar(24) DEFAULT NULL,
  `is_attendance` int(1) DEFAULT NULL,
  PRIMARY KEY (`id`)
) ENGINE=MyISAM  DEFAULT CHARSET=utf8 AUTO_INCREMENT=7 ;

--
-- Дамп данных таблицы `mark_type`
--

INSERT INTO `mark_type` (`id`, `name`, `is_attendance`) VALUES
(1, 'Відвідування', 1),
(2, 'Екзамен', 0),
(3, 'Контрольна', 0),
(4, 'Лабораторна', 0),
(5, 'Модуль', 0),
(6, 'Тест', 0);

-- --------------------------------------------------------

--
-- Структура таблицы `mark_value`
--

CREATE TABLE IF NOT EXISTS `mark_value` (
  `id` int(3) NOT NULL AUTO_INCREMENT,
  `mark_type_id` int(1) DEFAULT NULL,
  `value` varchar(7) DEFAULT NULL,
  PRIMARY KEY (`id`)
) ENGINE=MyISAM  DEFAULT CHARSET=utf8 AUTO_INCREMENT=509 ;

--
-- Дамп данных таблицы `mark_value`
--

INSERT INTO `mark_value` (`id`, `mark_type_id`, `value`) VALUES
(1, 1, NULL),
(2, 1, 'Н'),
(3, 1, 'Н/ув'),
(4, 6, NULL),
(5, 6, '1'),
(6, 6, '2'),
(7, 6, '3'),
(8, 6, '4'),
(9, 6, '5'),
(10, 6, '6'),
(11, 6, '7'),
(12, 6, '8'),
(13, 6, '9'),
(14, 6, '10'),
(15, 6, '11'),
(16, 6, '12'),
(17, 6, '13'),
(18, 6, '14'),
(19, 6, '15'),
(20, 6, '16'),
(21, 6, '17'),
(22, 6, '18'),
(23, 6, '19'),
(24, 6, '20'),
(25, 6, '21'),
(26, 6, '22'),
(27, 6, '23'),
(28, 6, '24'),
(29, 6, '25'),
(30, 6, '26'),
(31, 6, '27'),
(32, 6, '28'),
(33, 6, '29'),
(34, 6, '30'),
(35, 6, '31'),
(36, 6, '32'),
(37, 6, '33'),
(38, 6, '34'),
(39, 6, '35'),
(40, 6, '36'),
(41, 6, '37'),
(42, 6, '38'),
(43, 6, '39'),
(44, 6, '40'),
(45, 6, '41'),
(46, 6, '42'),
(47, 6, '43'),
(48, 6, '44'),
(49, 6, '45'),
(50, 6, '46'),
(51, 6, '47'),
(52, 6, '48'),
(53, 6, '49'),
(54, 6, '50'),
(55, 6, '51'),
(56, 6, '52'),
(57, 6, '53'),
(58, 6, '54'),
(59, 6, '55'),
(60, 6, '56'),
(61, 6, '57'),
(62, 6, '58'),
(63, 6, '59'),
(64, 6, '60'),
(65, 6, '61'),
(66, 6, '62'),
(67, 6, '63'),
(68, 6, '64'),
(69, 6, '65'),
(70, 6, '66'),
(71, 6, '67'),
(72, 6, '68'),
(73, 6, '69'),
(74, 6, '70'),
(75, 6, '71'),
(76, 6, '72'),
(77, 6, '73'),
(78, 6, '74'),
(79, 6, '75'),
(80, 6, '76'),
(81, 6, '77'),
(82, 6, '78'),
(83, 6, '79'),
(84, 6, '80'),
(85, 6, '81'),
(86, 6, '82'),
(87, 6, '83'),
(88, 6, '84'),
(89, 6, '85'),
(90, 6, '86'),
(91, 6, '87'),
(92, 6, '88'),
(93, 6, '89'),
(94, 6, '90'),
(95, 6, '91'),
(96, 6, '92'),
(97, 6, '93'),
(98, 6, '94'),
(99, 6, '95'),
(100, 6, '96'),
(101, 6, '97'),
(102, 6, '98'),
(103, 6, '99'),
(104, 6, '100'),
(105, 2, NULL),
(106, 2, '1'),
(107, 2, '2'),
(108, 2, '3'),
(109, 2, '4'),
(110, 2, '5'),
(111, 2, '6'),
(112, 2, '7'),
(113, 2, '8'),
(114, 2, '9'),
(115, 2, '10'),
(116, 2, '11'),
(117, 2, '12'),
(118, 2, '13'),
(119, 2, '14'),
(120, 2, '15'),
(121, 2, '16'),
(122, 2, '17'),
(123, 2, '18'),
(124, 2, '19'),
(125, 2, '20'),
(126, 2, '21'),
(127, 2, '22'),
(128, 2, '23'),
(129, 2, '24'),
(130, 2, '25'),
(131, 2, '26'),
(132, 2, '27'),
(133, 2, '28'),
(134, 2, '29'),
(135, 2, '30'),
(136, 2, '31'),
(137, 2, '32'),
(138, 2, '33'),
(139, 2, '34'),
(140, 2, '35'),
(141, 2, '36'),
(142, 2, '37'),
(143, 2, '38'),
(144, 2, '39'),
(145, 2, '40'),
(146, 2, '41'),
(147, 2, '42'),
(148, 2, '43'),
(149, 2, '44'),
(150, 2, '45'),
(151, 2, '46'),
(152, 2, '47'),
(153, 2, '48'),
(154, 2, '49'),
(155, 2, '50'),
(156, 2, '51'),
(157, 2, '52'),
(158, 2, '53'),
(159, 2, '54'),
(160, 2, '55'),
(161, 2, '56'),
(162, 2, '57'),
(163, 2, '58'),
(164, 2, '59'),
(165, 2, '60'),
(166, 2, '61'),
(167, 2, '62'),
(168, 2, '63'),
(169, 2, '64'),
(170, 2, '65'),
(171, 2, '66'),
(172, 2, '67'),
(173, 2, '68'),
(174, 2, '69'),
(175, 2, '70'),
(176, 2, '71'),
(177, 2, '72'),
(178, 2, '73'),
(179, 2, '74'),
(180, 2, '75'),
(181, 2, '76'),
(182, 2, '77'),
(183, 2, '78'),
(184, 2, '79'),
(185, 2, '80'),
(186, 2, '81'),
(187, 2, '82'),
(188, 2, '83'),
(189, 2, '84'),
(190, 2, '85'),
(191, 2, '86'),
(192, 2, '87'),
(193, 2, '88'),
(194, 2, '89'),
(195, 2, '90'),
(196, 2, '91'),
(197, 2, '92'),
(198, 2, '93'),
(199, 2, '94'),
(200, 2, '95'),
(201, 2, '96'),
(202, 2, '97'),
(203, 2, '98'),
(204, 2, '99'),
(205, 2, '100'),
(206, 3, NULL),
(207, 3, '1'),
(208, 3, '2'),
(209, 3, '3'),
(210, 3, '4'),
(211, 3, '5'),
(212, 3, '6'),
(213, 3, '7'),
(214, 3, '8'),
(215, 3, '9'),
(216, 3, '10'),
(217, 3, '11'),
(218, 3, '12'),
(219, 3, '13'),
(220, 3, '14'),
(221, 3, '15'),
(222, 3, '16'),
(223, 3, '17'),
(224, 3, '18'),
(225, 3, '19'),
(226, 3, '20'),
(227, 3, '21'),
(228, 3, '22'),
(229, 3, '23'),
(230, 3, '24'),
(231, 3, '25'),
(232, 3, '26'),
(233, 3, '27'),
(234, 3, '28'),
(235, 3, '29'),
(236, 3, '30'),
(237, 3, '31'),
(238, 3, '32'),
(239, 3, '33'),
(240, 3, '34'),
(241, 3, '35'),
(242, 3, '36'),
(243, 3, '37'),
(244, 3, '38'),
(245, 3, '39'),
(246, 3, '40'),
(247, 3, '41'),
(248, 3, '42'),
(249, 3, '43'),
(250, 3, '44'),
(251, 3, '45'),
(252, 3, '46'),
(253, 3, '47'),
(254, 3, '48'),
(255, 3, '49'),
(256, 3, '50'),
(257, 3, '51'),
(258, 3, '52'),
(259, 3, '53'),
(260, 3, '54'),
(261, 3, '55'),
(262, 3, '56'),
(263, 3, '57'),
(264, 3, '58'),
(265, 3, '59'),
(266, 3, '60'),
(267, 3, '61'),
(268, 3, '62'),
(269, 3, '63'),
(270, 3, '64'),
(271, 3, '65'),
(272, 3, '66'),
(273, 3, '67'),
(274, 3, '68'),
(275, 3, '69'),
(276, 3, '70'),
(277, 3, '71'),
(278, 3, '72'),
(279, 3, '73'),
(280, 3, '74'),
(281, 3, '75'),
(282, 3, '76'),
(283, 3, '77'),
(284, 3, '78'),
(285, 3, '79'),
(286, 3, '80'),
(287, 3, '81'),
(288, 3, '82'),
(289, 3, '83'),
(290, 3, '84'),
(291, 3, '85'),
(292, 3, '86'),
(293, 3, '87'),
(294, 3, '88'),
(295, 3, '89'),
(296, 3, '90'),
(297, 3, '91'),
(298, 3, '92'),
(299, 3, '93'),
(300, 3, '94'),
(301, 3, '95'),
(302, 3, '96'),
(303, 3, '97'),
(304, 3, '98'),
(305, 3, '99'),
(306, 3, '100'),
(307, 4, NULL),
(308, 4, '1'),
(309, 4, '2'),
(310, 4, '3'),
(311, 4, '4'),
(312, 4, '5'),
(313, 4, '6'),
(314, 4, '7'),
(315, 4, '8'),
(316, 4, '9'),
(317, 4, '10'),
(318, 4, '11'),
(319, 4, '12'),
(320, 4, '13'),
(321, 4, '14'),
(322, 4, '15'),
(323, 4, '16'),
(324, 4, '17'),
(325, 4, '18'),
(326, 4, '19'),
(327, 4, '20'),
(328, 4, '21'),
(329, 4, '22'),
(330, 4, '23'),
(331, 4, '24'),
(332, 4, '25'),
(333, 4, '26'),
(334, 4, '27'),
(335, 4, '28'),
(336, 4, '29'),
(337, 4, '30'),
(338, 4, '31'),
(339, 4, '32'),
(340, 4, '33'),
(341, 4, '34'),
(342, 4, '35'),
(343, 4, '36'),
(344, 4, '37'),
(345, 4, '38'),
(346, 4, '39'),
(347, 4, '40'),
(348, 4, '41'),
(349, 4, '42'),
(350, 4, '43'),
(351, 4, '44'),
(352, 4, '45'),
(353, 4, '46'),
(354, 4, '47'),
(355, 4, '48'),
(356, 4, '49'),
(357, 4, '50'),
(358, 4, '51'),
(359, 4, '52'),
(360, 4, '53'),
(361, 4, '54'),
(362, 4, '55'),
(363, 4, '56'),
(364, 4, '57'),
(365, 4, '58'),
(366, 4, '59'),
(367, 4, '60'),
(368, 4, '61'),
(369, 4, '62'),
(370, 4, '63'),
(371, 4, '64'),
(372, 4, '65'),
(373, 4, '66'),
(374, 4, '67'),
(375, 4, '68'),
(376, 4, '69'),
(377, 4, '70'),
(378, 4, '71'),
(379, 4, '72'),
(380, 4, '73'),
(381, 4, '74'),
(382, 4, '75'),
(383, 4, '76'),
(384, 4, '77'),
(385, 4, '78'),
(386, 4, '79'),
(387, 4, '80'),
(388, 4, '81'),
(389, 4, '82'),
(390, 4, '83'),
(391, 4, '84'),
(392, 4, '85'),
(393, 4, '86'),
(394, 4, '87'),
(395, 4, '88'),
(396, 4, '89'),
(397, 4, '90'),
(398, 4, '91'),
(399, 4, '92'),
(400, 4, '93'),
(401, 4, '94'),
(402, 4, '95'),
(403, 4, '96'),
(404, 4, '97'),
(405, 4, '98'),
(406, 4, '99'),
(407, 4, '100'),
(408, 5, NULL),
(409, 5, '1'),
(410, 5, '2'),
(411, 5, '3'),
(412, 5, '4'),
(413, 5, '5'),
(414, 5, '6'),
(415, 5, '7'),
(416, 5, '8'),
(417, 5, '9'),
(418, 5, '10'),
(419, 5, '11'),
(420, 5, '12'),
(421, 5, '13'),
(422, 5, '14'),
(423, 5, '15'),
(424, 5, '16'),
(425, 5, '17'),
(426, 5, '18'),
(427, 5, '19'),
(428, 5, '20'),
(429, 5, '21'),
(430, 5, '22'),
(431, 5, '23'),
(432, 5, '24'),
(433, 5, '25'),
(434, 5, '26'),
(435, 5, '27'),
(436, 5, '28'),
(437, 5, '29'),
(438, 5, '30'),
(439, 5, '31'),
(440, 5, '32'),
(441, 5, '33'),
(442, 5, '34'),
(443, 5, '35'),
(444, 5, '36'),
(445, 5, '37'),
(446, 5, '38'),
(447, 5, '39'),
(448, 5, '40'),
(449, 5, '41'),
(450, 5, '42'),
(451, 5, '43'),
(452, 5, '44'),
(453, 5, '45'),
(454, 5, '46'),
(455, 5, '47'),
(456, 5, '48'),
(457, 5, '49'),
(458, 5, '50'),
(459, 5, '51'),
(460, 5, '52'),
(461, 5, '53'),
(462, 5, '54'),
(463, 5, '55'),
(464, 5, '56'),
(465, 5, '57'),
(466, 5, '58'),
(467, 5, '59'),
(468, 5, '60'),
(469, 5, '61'),
(470, 5, '62'),
(471, 5, '63'),
(472, 5, '64'),
(473, 5, '65'),
(474, 5, '66'),
(475, 5, '67'),
(476, 5, '68'),
(477, 5, '69'),
(478, 5, '70'),
(479, 5, '71'),
(480, 5, '72'),
(481, 5, '73'),
(482, 5, '74'),
(483, 5, '75'),
(484, 5, '76'),
(485, 5, '77'),
(486, 5, '78'),
(487, 5, '79'),
(488, 5, '80'),
(489, 5, '81'),
(490, 5, '82'),
(491, 5, '83'),
(492, 5, '84'),
(493, 5, '85'),
(494, 5, '86'),
(495, 5, '87'),
(496, 5, '88'),
(497, 5, '89'),
(498, 5, '90'),
(499, 5, '91'),
(500, 5, '92'),
(501, 5, '93'),
(502, 5, '94'),
(503, 5, '95'),
(504, 5, '96'),
(505, 5, '97'),
(506, 5, '98'),
(507, 5, '99'),
(508, 5, '100');

-- --------------------------------------------------------

--
-- Структура таблицы `room`
--

CREATE TABLE IF NOT EXISTS `room` (
  `id` int(2) NOT NULL AUTO_INCREMENT,
  `name` varchar(14) DEFAULT NULL,
  PRIMARY KEY (`id`)
) ENGINE=MyISAM  DEFAULT CHARSET=utf8 AUTO_INCREMENT=48 ;

--
-- Дамп данных таблицы `room`
--

INSERT INTO `room` (`id`, `name`) VALUES
(1, '2 корпус'),
(2, '3/25'),
(3, '3/26'),
(4, '3/27'),
(5, '3/28'),
(6, '3/29'),
(7, '3/30'),
(8, '3/31'),
(9, '3/32'),
(10, '3/33'),
(11, '3/34'),
(12, '3/35'),
(13, '3/36'),
(14, '3/37'),
(15, '3/38'),
(16, '3/39'),
(17, '3/40'),
(18, '3/41'),
(19, '3/42'),
(20, '3/43'),
(21, '3/44'),
(22, '3/45'),
(23, '3/46'),
(24, '3/47'),
(25, '3/48'),
(26, '3/49'),
(27, '3/50'),
(28, '3/51'),
(29, '3/52'),
(30, '3/53'),
(31, '3/54'),
(32, '3/55'),
(33, '3/56'),
(34, '3/57'),
(35, '3/58'),
(36, '3/59'),
(37, '3/60'),
(38, '3/61'),
(39, '3/62'),
(40, '4/40'),
(41, '4/41'),
(42, '4/42'),
(43, '4/43'),
(44, '4/44'),
(45, '4/45'),
(46, '14/304'),
(47, '14/307');

-- --------------------------------------------------------

--
-- Структура таблицы `schedule`
--

CREATE TABLE IF NOT EXISTS `schedule` (
  `id` int(2) NOT NULL AUTO_INCREMENT,
  `subject_id` int(2) DEFAULT NULL,
  `teacher_id` int(2) DEFAULT NULL,
  `group_id` int(2) DEFAULT NULL,
  `room_id` int(2) DEFAULT NULL,
  `type_lesson_id` int(1) DEFAULT NULL,
  `type_week_id` int(1) DEFAULT NULL,
  `week_day_id` int(1) DEFAULT NULL,
  `lesson_num_id` int(1) DEFAULT NULL,
  PRIMARY KEY (`id`)
) ENGINE=MyISAM  DEFAULT CHARSET=utf8 AUTO_INCREMENT=87 ;

--
-- Дамп данных таблицы `schedule`
--

INSERT INTO `schedule` (`id`, `subject_id`, `teacher_id`, `group_id`, `room_id`, `type_lesson_id`, `type_week_id`, `week_day_id`, `lesson_num_id`) VALUES
(11, 3, 13, 1, 16, 3, 1, 1, 2),
(10, 3, 13, 1, 16, 2, 2, 1, 1),
(9, 3, 13, 1, 16, 2, 1, 1, 1),
(8, 35, 9, 1, 40, 1, 2, 5, 3),
(7, 35, 3, 1, 40, 1, 2, 5, 3),
(6, 35, 9, 1, 40, 1, 1, 5, 3),
(5, 35, 3, 1, 40, 1, 1, 5, 3),
(4, 35, 9, 1, 23, 2, 1, 5, 4),
(3, 36, 9, 1, 40, 1, 2, 5, 1),
(2, 36, 3, 1, 40, 1, 2, 5, 1),
(1, 36, 3, 1, 40, 3, 1, 5, 1),
(12, 3, 13, 1, 16, 3, 2, 1, 2),
(13, 36, 15, 1, 16, 2, 2, 1, 3),
(14, 29, 16, 4, 16, 2, 1, 4, 3),
(15, 29, 16, 4, 16, 2, 2, 4, 3),
(16, 11, 2, 4, 2, 2, 1, 5, 2),
(17, 11, 2, 4, 2, 2, 2, 5, 2),
(18, 11, 13, 4, 7, 3, 1, 5, 3),
(19, 11, 13, 4, 7, 3, 2, 5, 3),
(20, 9, 1, 4, 2, 2, 1, 1, 2),
(21, 24, 1, 4, 2, 2, 2, 1, 2),
(22, 9, 1, 4, 40, 1, 1, 1, 3),
(23, 9, 12, 4, 40, 1, 1, 1, 3),
(24, 5, 1, 4, 8, 2, 2, 1, 3),
(25, 5, 12, 4, 40, 1, 1, 1, 4),
(26, 5, 14, 4, 40, 1, 1, 1, 4),
(27, 5, 12, 4, 40, 1, 2, 1, 4),
(28, 5, 14, 4, 40, 1, 2, 1, 4),
(29, 24, 12, 4, 40, 1, 1, 1, 5),
(30, 24, 14, 4, 40, 1, 1, 1, 5),
(31, 24, 12, 4, 40, 1, 2, 1, 5),
(32, 24, 14, 4, 40, 1, 2, 1, 5),
(33, 5, 1, 4, 2, 2, 1, 3, 1),
(34, 29, 16, 4, 40, 1, 1, 3, 3),
(35, 29, 5, 4, 40, 1, 1, 3, 3),
(36, 29, 16, 4, 40, 1, 2, 3, 3),
(37, 29, 5, 4, 40, 1, 2, 3, 3),
(38, 34, 16, 9, 27, 2, 1, 4, 2),
(39, 21, 7, 9, 43, 1, 2, 4, 2),
(40, 21, 7, 9, 27, 2, 1, 4, 3),
(41, 21, 7, 9, 27, 2, 2, 4, 3),
(42, 19, 7, 9, 43, 1, 1, 1, 3),
(43, 19, 11, 9, 43, 1, 1, 1, 3),
(44, 14, 8, 9, 16, 2, 1, 1, 4),
(45, 14, 8, 9, 16, 2, 2, 1, 4),
(46, 19, 11, 9, 24, 1, 2, 2, 1),
(47, 40, 10, 9, 40, 1, 1, 2, 2),
(48, 40, 14, 9, 40, 1, 1, 2, 2),
(49, 49, 6, 9, 24, 1, 1, 2, 3),
(50, 49, 4, 9, 24, 1, 1, 2, 3),
(51, 49, 6, 9, 45, 2, 1, 2, 4),
(52, 49, 6, 9, 45, 2, 2, 2, 4),
(53, 40, 10, 9, 40, 1, 2, 2, 2),
(54, 40, 14, 9, 40, 1, 2, 2, 2),
(55, 49, 6, 9, 24, 1, 2, 2, 3),
(56, 49, 4, 9, 24, 1, 2, 2, 3),
(57, 34, 5, 9, 40, 1, 1, 3, 1),
(58, 14, 8, 9, 43, 1, 1, 3, 2),
(59, 14, 5, 9, 43, 1, 1, 3, 2),
(60, 14, 8, 9, 43, 1, 2, 3, 2),
(61, 14, 5, 9, 43, 1, 2, 3, 2),
(62, 19, 2, 9, 35, 2, 1, 3, 3),
(63, 40, 10, 9, 35, 2, 2, 3, 3),
(64, 40, 10, 9, 35, 2, 1, 3, 4),
(65, 19, 2, 9, 35, 2, 2, 3, 4),
(66, 49, 6, 10, 45, 2, 1, 2, 4),
(67, 49, 6, 10, 45, 2, 2, 2, 4),
(68, 16, 15, 11, 47, 2, 1, 5, 2),
(69, 16, 15, 11, 47, 2, 2, 5, 2),
(70, 16, 15, 11, 46, 1, 1, 5, 3),
(71, 50, 15, 12, 28, 1, 1, 4, 1),
(72, 50, 15, 12, 28, 1, 2, 4, 1),
(73, 50, 15, 12, 28, 1, 3, 4, 1),
(74, 50, 15, 12, 9, 2, 1, 4, 3),
(75, 50, 15, 12, 9, 2, 3, 4, 3),
(76, 50, 15, 13, 23, 2, 1, 1, 1),
(77, 50, 15, 13, 23, 2, 2, 1, 1),
(78, 50, 15, 13, 23, 2, 3, 1, 1),
(79, 16, 15, 11, 47, 2, 3, 5, 2),
(80, 16, 15, 11, 46, 1, 3, 5, 3),
(81, 4, 15, 2, 23, 2, 1, 4, 2),
(82, 4, 15, 2, 23, 2, 2, 4, 2),
(83, 4, 15, 2, 23, 2, 3, 4, 2),
(84, 4, 15, 3, 23, 2, 1, 4, 2),
(85, 4, 15, 3, 23, 2, 2, 4, 2),
(86, 4, 15, 3, 23, 2, 3, 4, 2);

-- --------------------------------------------------------

--
-- Структура таблицы `student`
--

CREATE TABLE IF NOT EXISTS `student` (
  `id` int(3) NOT NULL AUTO_INCREMENT,
  `group_id` int(2) DEFAULT NULL,
  `name` varchar(69) DEFAULT NULL,
  `number` varchar(10) DEFAULT NULL,
  PRIMARY KEY (`id`)
) ENGINE=MyISAM  DEFAULT CHARSET=utf8 AUTO_INCREMENT=227 ;

--
-- Дамп данных таблицы `student`
--

INSERT INTO `student` (`id`, `group_id`, `name`, `number`) VALUES
(1, 1, 'Боровик Марія Олексіївна', NULL),
(2, 1, 'Гріманов Михайло Андрійович     ', NULL),
(3, 1, 'Дударев Денис Олександрович', NULL),
(4, 1, 'Здробко Богдан Олександрович', NULL),
(5, 1, 'Корецький Борис Юрійович', NULL),
(6, 1, 'Крилова Тетяна Євгенівна', NULL),
(7, 1, 'Кулібаба Богдан Юрійович', NULL),
(8, 1, 'Лісейцов Дмитро Володимирович', NULL),
(9, 1, 'Матвієць Євгеній Олегович', NULL),
(10, 1, 'Петрук Максим Едуардович', NULL),
(11, 1, 'Пирлик Антон Володимирович', NULL),
(12, 1, 'Пишний Михайло Анатолійович ', NULL),
(13, 1, 'Севостьянова Галина Олегівна', NULL),
(14, 1, 'Семенюк Юрій Володимирович', NULL),
(15, 1, 'Тихомирова Інна Костянтинівна', NULL),
(16, 2, 'Богачова Марія Володимирівна', NULL),
(17, 2, 'Гусейнов Мехті Юсіф Огли', NULL),
(18, 2, 'Зотова Маргарита Олегівна', NULL),
(19, 2, 'Корзун Владислав Анатолійович', NULL),
(20, 2, 'Ларін Микита Романович', NULL),
(21, 2, 'Лисенко Микола Андрійович', NULL),
(22, 2, 'Міщук Дмитро Дмитрович', NULL),
(23, 2, 'Нікішкін Максим Сергійович', NULL),
(24, 2, 'Останін Павло Євгенович', NULL),
(25, 2, 'Петрук Єгор Сергійович', NULL),
(26, 2, 'Полєжаєва Анна Володимирівна ', NULL),
(27, 2, 'Препелиця Денис Юрійович', NULL),
(28, 2, 'Роздобудько Ярослав Юрійович', NULL),
(29, 2, 'Рубан Владислава Олегівна', NULL),
(30, 2, 'Ткаченко Максим Васильович        ', NULL),
(31, 2, 'Чурікова Дарина Костянтинівна', NULL),
(32, 2, 'Шахов Сергій Сергійович', NULL),
(33, 3, 'Будько Владислав Анатолійович', NULL),
(34, 3, 'Верещак Олександра Геннадіївна', NULL),
(35, 3, 'Вінокурова Наталія Володимирівна', NULL),
(36, 3, 'Кириченко Вікторія Валеріївна', NULL),
(37, 3, 'Комков Святослав Анатолійович', NULL),
(38, 3, 'Корчменко Кирило Євгенович', NULL),
(39, 3, 'Литвин Антон Юрійович', NULL),
(40, 3, 'Ломова Олександра Віталіївна', NULL),
(41, 3, 'Мінько Олег Володимирович', NULL),
(42, 3, 'Непорада Катерина Леонідівна', NULL),
(43, 3, 'Овечко Дмитро Володимирович', NULL),
(44, 3, 'Павленко Кристина Геннадіївна', NULL),
(45, 3, 'Рогач Дмитро Сергійович    ', NULL),
(46, 3, 'Семенюта Дар я Володимирівна', NULL),
(47, 3, 'Сітало Владислав Сергійович', NULL),
(48, 3, 'Хащин Андрій Владиславович', NULL),
(49, 3, 'Цирульник Марк Маркович ', NULL),
(50, 3, 'Чуніхін Денис Віталійович', NULL),
(51, 3, 'Щегляк Ігор Сергійович  ', NULL),
(52, 4, 'Бондаренко Едуард Миколайович', NULL),
(53, 4, 'Вержбицька Марія Миколаївна', NULL),
(54, 4, 'Вітер Маргарита Едуардівна', NULL),
(55, 4, ' Воробйов Костянтин Юрійович ', NULL),
(56, 4, 'Грєбєшков Олексій Юрійович', NULL),
(57, 4, 'Злочевський Михайло Іванович', NULL),
(58, 4, 'Калиновський Артем Олексійович', NULL),
(59, 4, 'Карнаух Дмитро Миколайович', NULL),
(60, 4, 'Катаєва Н.Ю. ', NULL),
(61, 4, 'Коваленко Катерина Григорівна', NULL),
(62, 4, 'Комаров Павло Дмитрович', NULL),
(63, 4, 'Крошка Катерина Михайлівна', NULL),
(64, 4, 'Ляш Сергій Олексійович', NULL),
(65, 4, 'Малиночка Єлизавета Юріївна', NULL),
(66, 4, 'Мищенко Ольга Сергіївна     ', NULL),
(67, 4, 'Мунтян Дарина Ігорівна', NULL),
(68, 4, 'Неруш Лариса Леонідівна', NULL),
(69, 4, 'Нідзельський Олексій Володимирович', NULL),
(70, 4, 'Нужа Ксенія Олександрівна', NULL),
(71, 4, 'Оболоньський Орест Георгійович', NULL),
(72, 4, 'Омельченко Віктор Сергійович', NULL),
(73, 4, 'Попов Денис Олексійович.    ', NULL),
(74, 4, 'Рунов Антон Олексійович ', NULL),
(75, 4, 'Сезонов Олег Юрійович', NULL),
(76, 4, 'Сокур Ірина Валеріївна', NULL),
(77, 4, 'Тарнакіна Євгенія Ігорівнаа', NULL),
(78, 4, 'Катаєва Н.Ю.', NULL),
(79, 5, 'Бендріков Денис Сергійович', NULL),
(80, 5, 'Варава Михайло Володимирович', NULL),
(81, 5, 'Губа Анастасія Валентинівна', NULL),
(82, 5, 'Деркач Олександр Юрійович', NULL),
(83, 5, 'Дірявка Єгор Олександрович', NULL),
(84, 5, 'Катаєва Наталія Юріївна', NULL),
(85, 5, 'Качалка Андрій Володимирович ', NULL),
(86, 5, 'Кольцов Ілля Володимирович', NULL),
(87, 5, 'Ліс'' їх Олексій Ігорович', NULL),
(88, 5, 'Митько Дмитро Володимирович', NULL),
(89, 5, 'Панаріна Анастасія Дмитрівна', NULL),
(90, 5, 'Переволочанська Аліса Валеріївна', NULL),
(91, 5, 'Подобед Валентина Юріївна', NULL),
(92, 5, 'Родной Михайло Михайлович', NULL),
(93, 5, 'Цисневич Сергій Володимирович', NULL),
(94, 5, 'Шеянов Олександр Миколайович', NULL),
(95, 5, 'Шиш Михайло Миколайович', NULL),
(96, 5, 'Завротський Данило Сергійович', NULL),
(97, 6, 'Бахарєв Артем Анатолійович', NULL),
(98, 6, 'Вєтров Дмитро Максимович', NULL),
(99, 6, 'Голубєв Максим Вадимович', NULL),
(100, 6, 'Іванченко Дмитро Анатолійович', NULL),
(101, 6, 'Карпов Артем Андрійович', NULL),
(102, 6, 'Кулага Всеволод Олександрович', NULL),
(103, 6, 'Логінов Артем Максимович', NULL),
(104, 6, 'Луценко Вікторія Олександрівна', NULL),
(105, 6, 'Машков Максим Олександрович', NULL),
(106, 6, 'Медведєва Варвара В ячеславовна', NULL),
(107, 6, 'Обласова Марія Володимирівна', NULL),
(108, 6, 'Панченко Дмитро Миколайович', NULL),
(109, 6, 'Пічкур Анна Максимівна', NULL),
(110, 6, 'Плахотя Костянтин Валерійович', NULL),
(111, 6, 'Поспєлкін Кирило Олександрович', NULL),
(112, 6, 'Сапа Денис Миколайович', NULL),
(113, 6, 'Сидоренко Антон Вікторович', NULL),
(114, 6, 'Сімчак Ольга Сергіївна', NULL),
(115, 6, 'Фоменко Лариса Вадимівна', NULL),
(116, 6, 'Челядін Дмитро Олександрович', NULL),
(117, 6, 'Шейніна Вікторія Ігорівна ', NULL),
(118, 7, 'Андращук Анастасія Олегівна', NULL),
(119, 7, 'Бодня Анна Вікторівна                            ', NULL),
(120, 7, 'Гертик Олександра Олегівна', NULL),
(121, 7, 'Іванов Володимир Юрійович', NULL),
(122, 7, 'Нищенко Павло Олександрович             ', NULL),
(123, 7, 'Пучка Олександр Вікторович                 ', NULL),
(124, 7, 'Сова Олександр Євгенійович', NULL),
(125, 7, 'Тимощенко Костянтин Анатолійович       ', NULL),
(126, 7, 'Трибулкін Олег Григорович', NULL),
(127, 7, 'Яковенко Марина Олександрівна ', NULL),
(128, 8, 'Авілов Сергій Олександрович  ', NULL),
(129, 8, 'Бойко Юлія Петрівна                          ', NULL),
(130, 8, 'Гаркуша Олександра Валентинівна', NULL),
(131, 8, 'Головко Євген Вікторович', NULL),
(132, 8, 'Гуз Катерина Юріївна', NULL),
(133, 8, 'Гулай Олексій Ігоревич', NULL),
(134, 8, 'Єфремов Сергій Олександрович', NULL),
(135, 8, 'Ковда Євген Олександрович', NULL),
(136, 8, 'Харченко Наталія Ігорівна', NULL),
(137, 8, 'Швець Марія Вікторівна', NULL),
(138, 9, 'Андрусенко Валерія Ігорівна', NULL),
(139, 9, 'Бабич Світлана Ігорівна', NULL),
(140, 9, 'Борисова Анна Миколаївна', NULL),
(141, 9, 'Дегтярьов Володимир Юрійович', NULL),
(142, 9, 'Зима Дмитро Григорович', NULL),
(143, 9, 'Короїд Олександр Вікторович', NULL),
(144, 9, 'Красько Алла Олегівна', NULL),
(145, 9, 'Мацур Аліна Вікторівна', NULL),
(146, 9, 'Мілєєва Валерія Валеріївнак', NULL),
(147, 9, 'Пирогов Євген Олександрович', NULL),
(148, 9, 'Проценко Ігор Володимирович', NULL),
(149, 9, 'Самойленко Євгеній Вікторович', NULL),
(150, 9, 'Ступіна Анна Сергіївна', NULL),
(151, 9, 'Тертичний Олексій Іванович', NULL),
(152, 9, 'Шкіль Володимир Костянтинович', NULL),
(153, 10, 'Божко Артур Володимирович', NULL),
(154, 10, 'Вишньов Сергій Володимирович', NULL),
(155, 10, 'Доц Данило Павлович', NULL),
(156, 10, 'Зайченко Дмитро Геннадійович', NULL),
(157, 10, 'Зубченко Максим Сергійович', NULL),
(158, 10, 'Король Андрій Васильович', NULL),
(159, 10, 'Костенко Олександр Ігорович', NULL),
(160, 10, 'Лазунько Олександр Анатолійович', NULL),
(161, 10, 'Літвінов Станіслав Едуардович', NULL),
(162, 10, 'Немчинов Валерій Олександрович', NULL),
(163, 10, 'Рогачевський Віктор Сергійович', NULL),
(164, 10, 'Ростовський Дмитро Ігорович', NULL),
(165, 10, 'Скрипник Антон Олександрович ', NULL),
(166, 10, 'Таран Ольга Вікторівна', NULL),
(167, 10, 'Трубін Анатолій Анатолійович', NULL),
(168, 11, 'Бугайов Михайло Васильович', NULL),
(169, 11, 'Гезун Світлана Володимирівна', NULL),
(170, 11, 'Громова Катерина Олексіївна', NULL),
(171, 11, 'Донгаузер Ілля Олександрович', NULL),
(172, 11, 'Дятлов Андрій Олександрович', NULL),
(173, 11, 'Кладіна Тетяна Сергіївна', NULL),
(174, 11, 'Команова Уляна Генадіївна', NULL),
(175, 11, 'Кондратенко  Сергій Миколайович', NULL),
(176, 11, 'Лихов Володимир Юрійович', NULL),
(177, 11, 'Малишева Аліна Анатолієвна', NULL),
(178, 11, 'Надбережна Олеся Володимирівна', NULL),
(179, 11, 'Наухацька Вікторія Олександрівна', NULL),
(180, 11, 'Саватєєва Дар''я Антонівна', NULL),
(181, 11, 'Сердюк Юлія Миколаївна', NULL),
(182, 11, 'Смиков Олексій В''ячеславович', NULL),
(183, 12, 'Болтачова Аліна Олександрівна', NULL),
(184, 12, 'Бондар Андрій Сергійович', NULL),
(185, 12, 'Борисенко Олена Андріївна', NULL),
(186, 12, 'Брежнєва Валерія Євгенівна', NULL),
(187, 12, 'Володарський Михайло Станіславович', NULL),
(188, 12, 'Гаран Ольга Сергіївна', NULL),
(189, 12, 'Гранкіна Наталія Олександрівна', NULL),
(190, 12, 'Зозуля Юлія Станіславівна', NULL),
(191, 12, 'Касьяненко Олена Сергіївна', NULL),
(192, 12, 'Коміссарова Анна Ігорівна', NULL),
(193, 12, 'Леман Валерій Костянтинович', NULL),
(194, 12, 'Лисов Матвій Сергійович', NULL),
(195, 12, 'Марущенко Владислав Геннадійович ', NULL),
(196, 12, 'Мецнер Ілля Олександрович', NULL),
(197, 12, 'Підаш Ангеліна Костянтинівна', NULL),
(198, 12, 'Промишлянська Вікторія Михайлівна', NULL),
(199, 12, 'Ротгауз Єлизавета Вадимівна', NULL),
(200, 12, 'Саленко Дмитро Володимирович', NULL),
(201, 12, 'Сміла Оксана Володимирівна', NULL),
(202, 12, 'Ткаченко Максим Володимирович', NULL),
(203, 12, 'Ягольник Ігор Олександрович     ', NULL),
(204, 12, 'Яковлєв Максим Віталійович', NULL),
(205, 13, 'Бардачов Кирило Дмитрович', NULL),
(206, 13, 'Булакаєв Артур Павлович', NULL),
(207, 13, 'Бурлай Ольга Ігорівна', NULL),
(208, 13, 'Васецький Владислав Анатолійович', NULL),
(209, 13, 'Гаржа Валерій Віталійович', NULL),
(210, 13, 'Деменков Юрій Юрійович', NULL),
(211, 13, 'Зеленков Сергій Юрійович', NULL),
(212, 13, 'Кутєєва Дар’я Владиславівна', NULL),
(213, 13, 'Максимов Станіслав Сергійович', NULL),
(214, 13, 'Мірошник Артем Васильович', NULL),
(215, 13, 'Моренко Віталій Володимирович', NULL),
(216, 13, 'Пискунова Дар’я Сергіївна', NULL),
(217, 13, 'Прокопенко Сергій Олександрович', NULL),
(218, 13, 'Руденко Марія Ігорівна', NULL),
(219, 13, 'Саган Наталія Іванівна', NULL),
(220, 13, 'Соколовський Михайло Валентинович', NULL),
(221, 13, 'Стратович В’ячеслав Леонідович', NULL),
(222, 13, 'Тилик Віталій Миколайович', NULL),
(223, 13, 'Троценко Євген Ігорович', NULL),
(224, 13, 'Харченко Ярослав Олегович', NULL),
(225, 13, 'Цепаєв Анатолій Ігорович', NULL),
(226, 13, 'Чабаненко Євген Геннадійович', NULL);

-- --------------------------------------------------------

--
-- Структура таблицы `subject`
--

CREATE TABLE IF NOT EXISTS `subject` (
  `id` int(2) NOT NULL AUTO_INCREMENT,
  `name` varchar(121) DEFAULT NULL,
  PRIMARY KEY (`id`)
) ENGINE=MyISAM  DEFAULT CHARSET=utf8 AUTO_INCREMENT=51 ;

--
-- Дамп данных таблицы `subject`
--

INSERT INTO `subject` (`id`, `name`) VALUES
(1, 'Автоматичне доведення теорем'),
(2, 'Адміністрування комп''ютерних мереж'),
(3, 'Алгебра та геометрія'),
(4, 'Алгоритми і структури даних'),
(5, 'Аналіз даних'),
(6, 'Архітектура ЕОМ'),
(7, 'Архітектура обчислювальних систем'),
(8, 'Бази даних та інформаційні системи'),
(9, 'Випадкові процеси'),
(10, 'Дипломна робота бакалавра (керівництво)'),
(11, 'Диференціальні рівняння'),
(12, 'Елементарна математика'),
(13, 'Елементи хаотичної динаміки'),
(14, 'Інтелектуальні системи'),
(15, 'Інтернет - програмування'),
(16, 'Інформатика та програмування'),
(17, 'Інформаційні мережі'),
(18, 'Курсова робота'),
(19, 'Математична екологія'),
(20, 'Математичні основи інформатики'),
(21, 'Методи комп''ютерної імітації в соціально-економічних дослідженях'),
(22, 'Методика викладання дистанційних курсів'),
(23, 'Методика викладання фахових дисциплін у вищій школі'),
(24, 'Методології розробки програмного забезпечення'),
(25, 'Методологія та організація наукових досліджень'),
(26, 'Моделювання економічних, екологічних та соціальних процесів'),
(27, 'Нелінійне моделювання'),
(28, 'Обчислювальна геометрія та комп''ютерна графіка'),
(29, 'Операційна система Unix'),
(30, 'Організація та обробка електронної інформації'),
(31, 'Основи Інтернет'),
(32, 'Основи комп''ютерного дизайну'),
(33, 'Офісні технології та VBA'),
(34, 'Паралельна обробка даних'),
(35, 'Програмне забезпечення ПЕОМ'),
(36, 'Програмування'),
(37, 'Програмування та підтримка веб-застосувань'),
(38, 'Проектування програмних продуктів'),
(39, 'Рівняння математичної фізики'),
(40, 'Розподілені бази даних'),
(41, 'Системи та методи прийняття рішень'),
(42, 'Системне програмування'),
(43, 'Спеціалізовані мови програмування'),
(44, 'Теорія керування'),
(45, 'Теорія систем та математичне моделювання'),
(46, 'Технології паралельних та розподілених обчислень'),
(47, 'Функціональне та логічне програмування'),
(48, 'Функціональний аналіз'),
(49, 'Чисельні методи математичної фізики'),
(50, 'Об''єктно-орієнтоване програмування');

-- --------------------------------------------------------

--
-- Структура таблицы `teacher`
--

CREATE TABLE IF NOT EXISTS `teacher` (
  `id` int(2) NOT NULL AUTO_INCREMENT,
  `user_id` int(2) DEFAULT NULL,
  `name` varchar(62) DEFAULT NULL,
  PRIMARY KEY (`id`)
) ENGINE=MyISAM  DEFAULT CHARSET=utf8 AUTO_INCREMENT=17 ;

--
-- Дамп данных таблицы `teacher`
--

INSERT INTO `teacher` (`id`, `user_id`, `name`) VALUES
(1, 2, 'Бердник Михайло Генадійович'),
(2, 3, 'Білозьоров Василь Євгенійович'),
(3, 4, 'Верба Ольга Віталіївна'),
(4, 5, 'Волошко Любов Вікторівна'),
(5, 6, 'Дзюба Петро Анатолійович'),
(6, 7, 'Зайцев Вадим Григорович'),
(7, 8, 'Зайцева Тетяна Анатоліївна'),
(8, 9, 'Золотько Костянтин Євгенійович'),
(9, 10, 'Косолап Алла Іванівна'),
(10, 11, 'Красношапка Дмитро Вікторович'),
(11, 12, 'Кузенков Олександр Олександрович'),
(12, 13, 'Лисиця Наталія Михайлівна'),
(13, 14, 'Сердюк Марина Євгенівна'),
(14, 15, 'Сірик Світлана Федорівна'),
(15, 16, 'Хижа Олександр Леонідович'),
(16, 17, 'Ясько Микола Миколайович');

-- --------------------------------------------------------

--
-- Структура таблицы `type_lesson`
--

CREATE TABLE IF NOT EXISTS `type_lesson` (
  `id` int(1) NOT NULL AUTO_INCREMENT,
  `name` varchar(23) DEFAULT NULL,
  PRIMARY KEY (`id`)
) ENGINE=MyISAM  DEFAULT CHARSET=utf8 AUTO_INCREMENT=4 ;

--
-- Дамп данных таблицы `type_lesson`
--

INSERT INTO `type_lesson` (`id`, `name`) VALUES
(1, 'Лабораторна '),
(2, 'Лекція'),
(3, 'Практика');

-- --------------------------------------------------------

--
-- Структура таблицы `type_week`
--

CREATE TABLE IF NOT EXISTS `type_week` (
  `id` int(2) NOT NULL AUTO_INCREMENT,
  `name` int(2) DEFAULT NULL,
  PRIMARY KEY (`id`)
) ENGINE=MyISAM  DEFAULT CHARSET=utf8 AUTO_INCREMENT=19 ;

--
-- Дамп данных таблицы `type_week`
--

INSERT INTO `type_week` (`id`, `name`) VALUES
(1, 1),
(2, 2),
(3, 3),
(4, 4),
(5, 5),
(6, 6),
(7, 7),
(8, 8),
(9, 9),
(10, 10),
(11, 11),
(12, 12),
(13, 13),
(14, 14),
(15, 15),
(16, 16),
(17, 17),
(18, 18);

-- --------------------------------------------------------

--
-- Структура таблицы `users`
--

CREATE TABLE IF NOT EXISTS `users` (
  `id` int(2) NOT NULL AUTO_INCREMENT,
  `login` varchar(12) DEFAULT NULL,
  `password` varchar(32) DEFAULT NULL,
  `level` int(1) DEFAULT NULL,
  `is_teacher` int(1) DEFAULT NULL,
  PRIMARY KEY (`id`)
) ENGINE=MyISAM  DEFAULT CHARSET=utf8 AUTO_INCREMENT=18 ;

--
-- Дамп данных таблицы `users`
--

INSERT INTO `users` (`id`, `login`, `password`, `level`, `is_teacher`) VALUES
(1, 'admin', '21232f297a57a5a743894a0e4a801fc3', 3, 0),
(2, 'berdnik', '3f987e535380bddc84105bde50b9343f', 2, 1),
(3, 'belozerov', 'fe730a85eb93ce21cf744896713e968e', 2, 1),
(4, 'verba', '24ccfd69019335db69dd5dbf6c9b7833', 2, 1),
(5, 'voloshko', '79a9e2c25f703217b0de8dbc101bd5d9', 2, 1),
(6, 'dzuba', 'b1fb632f2ba99a97e2e3303fb1c5124a', 2, 1),
(7, 'zaicev', '957478ed3bd6afe6f4c14aeb3d35bdb5', 2, 1),
(8, 'zaiceva', 'd2bec6ebbc095a2beab2f7906f1c461f', 2, 1),
(9, 'zolotko', '931356bac3cb05a3ea409d979afb9466', 2, 1),
(10, 'kosolapalla', 'dd203a8af77e2a7a86b9ed6ce742226e', 2, 1),
(11, 'krasnoshapka', '6eeb9ef403ccf54931eedc41d56189c9', 2, 1),
(12, 'kuzenkov', '8452f1293aa12a33d6417d34b5322dff', 2, 1),
(13, 'lisica', '5df0b27ce23520a88cabaa2fcdcc72b4', 2, 1),
(14, 'serduk', '66f6d50213c1bd1b267899c41c10b7fd', 2, 1),
(15, 'sirik', 'a1a4f0265b232d4d295011a6280c39a7', 2, 1),
(16, 'khizha', '8ce4b16b22b58894aa86c421e8759df3', 3, 1),
(17, 'yasko', '968de94627f65d466a9bd23a4865a325', 2, 1);

-- --------------------------------------------------------

--
-- Структура таблицы `week_day`
--

CREATE TABLE IF NOT EXISTS `week_day` (
  `id` int(1) NOT NULL AUTO_INCREMENT,
  `name` varchar(18) DEFAULT NULL,
  PRIMARY KEY (`id`)
) ENGINE=MyISAM  DEFAULT CHARSET=utf8 AUTO_INCREMENT=6 ;

--
-- Дамп данных таблицы `week_day`
--

INSERT INTO `week_day` (`id`, `name`) VALUES
(1, 'Понеділок'),
(2, 'Вівторок'),
(3, 'Середа'),
(4, 'Четвер'),
(5, 'П''ятниця');
